20149401,스폰지밥 3D,The SpongeBob Movie: Sponge Out of Water,애니메이션,미국,20150218,폴 티비트,http://cfile18.uf.daum.net/C110x160/2128994C54C8915E23B3A9,"비키니 시티의 최고 메뉴 ‘게살 버거’의 특급 레시피가 사라졌다! 레시피를 되찾기 위해 최초로 육.지.상.륙! 비키니 시티의 최고 인기 메뉴 ‘게살 버거’ 어느 날, ‘게살 버거’의 특급 레시피가 사라지자 비키니 시티는 혼란에 빠지게 된다. 스폰지밥과 친구들은 해적 ‘버거수염’에게 특급 레시피가 있다는 사실을 알게 되고 레시피를 되찾기 위해 인간 세상으로 모험을 떠나게 되는데… 마법의 주문으로 거대하고 생생해진 슈퍼 히어로 스폰지밥! 상상 그 이상의 웃음이 넘치는 인간 세상 모험에 흡수된다!",전태열,이인성,최한,전광주,
20140110,킹스맨 : 시크릿 에이전트,Kingsman: The Secret Service,액션,미국,20150211,매튜 본,http://cfile78.uf.daum.net/C110x160/2478DE4B54DABBF02304E0,"세상에서 가장 위험한 면접이 시작된다! 높은 IQ, 주니어 체조대회 2년 연속 우승! 그러나 학교 중퇴, 해병대 중도 하차. 동네 패싸움에 직장은 가져본 적도 없이 별볼일 없는 루저로 낙인 찍혔던 ‘그’가 ‘젠틀맨 스파이’로 전격 스카우트 됐다! 전설적 베테랑 요원 해리 하트(콜린 퍼스)는 경찰서에 구치된 에그시(태런 애거튼)를 구제한다. 탁월한 잠재력을 알아본 그는 에그시를 전설적 국제 비밀정보기구 ‘킹스맨’ 면접에 참여시킨다. 아버지 또한 ‘킹스맨’의 촉망 받는 요원이었으나 해리 하트를 살리기 위해 죽었다는 사실을 알게 된 에그시. 목숨을 앗아갈 만큼 위험천만한 훈련을 통과해야 하는 킹스맨 후보들. 최종 멤버 발탁을 눈 앞에 둔 에그시는 최고의 악당 발렌타인(사무엘 L. 잭슨)을 마주하게 되는데… <엑스맨: 퍼스트 클래스> 감독과 마블 코믹스 인기작가의 만남! 스파이 액션의 새로운 시대가 열린다!",콜린 퍼스,태런 애거튼,사무엘 L. 잭슨,마이클 케인,
20149951,빅 히어로,Big Hero 6,애니메이션,미국,20150121,돈 할,http://cfile17.uf.daum.net/C110x160/240FFE4E54BE8A5937ED74,천재 공학도 ‘테디’가 개발한 힐링로봇 ‘베이맥스’! ‘테디’의 동생이자 로봇 전문가인 ‘히로’는 도시가 파괴될 위기에 처하자 ‘베이맥스’를 슈퍼히어로로 업그레이드 하는데… 과연 이들은 도시의 위험을 막아낼 수 있을까?,다니엘 헤니,라이언 포터,스캇 애짓,,
20155881,오즈의 마법사: 돌아온 도로시,Legends of Oz: Dorothy's Return,애니메이션,미국,20150212,윌 핀,http://cfile17.uf.daum.net/C110x160/2565334954C066B91612AC,"<오즈의 마법사> 원작 탄생 115주년 기념 대작
빛이 사라진 에메랄드 시티를 구원할 도로시가 돌아왔다!

안녕! 나는 캔자스에 사는 도로시라고 해. 어느 날 마법 같은 일이 일어났어. 무지개가 나를 쫓아와 어디론가 데려가더니 어느새 에메랄드 시티 오즈에 도착하게 된 거야. 다시 돌아온 오즈는 사악한 광대 제스터의 음모에 빠져 무섭게 변해버렸고, 나의 오랜 친구였던 용기를 얻은 사자, 두뇌를 얻은 허수아비, 뜨거운 심장을 가진 양철 나무꾼은 에메랄드 시티 감옥에 갇혀있어. 친구들과 오즈 세계를 구하려면 사탕 마을, 도자기 왕국, 말하는 나무들의 숲을 통과해야 해. 하지만 다행히도 에메랄드 시티로 가는 중에 뚱보 부엉이 와이저, 용감 무쌍 마시멜로 병정, 까칠 도도 도자기 공주 같은 좋은 친구들을 만났어. 자 이제 위기에 처한 오즈와 친구들을 구하기 위해 새로운 모험을 떠나볼까? 모두 함께 출발~!",박지윤,,,,
20148188,쎄시봉,C'est Si Bon,멜로/로맨스,한국,20150205,김현석,http://cfile16.uf.daum.net/C110x160/26021C4854C764C82BDE41,"한국 포크 음악계의 전설이 된 ‘트윈폴리오’에 제 3의 멤버가 있었다?! 한국 음악계에 포크 열풍을 일으킨 조영남, 이장희, 윤형주, 송창식 등을 배출한 음악감상실 ‘쎄시봉’, 젊음의 거리 무교동 최고의 핫플레이스였던 그곳에서 ‘마성의 미성’ 윤형주와 ‘타고난 음악천재’ 송창식이 평생의 라이벌로 처음 만나게 된다. ‘쎄시봉’ 사장은 이들의 가수 데뷔를 위해 트리오 팀 구성을 제안하고, 자칭 ‘쎄시봉’의 전속 프로듀서 이장희는 우연히 오근태의 중저음 목소리를 듣고 그가 두 사람의 빈틈을 채워줄 ‘숨은 원석’임을 직감한다. 기타 코드조차 제대로 잡지 못하는 ‘통영촌놈’ 오근태는 이장희의 꼬임에 얼떨결에 ‘트리오 쎄시봉’의 멤버로 합류하게 되고 그 시절, 모든 남자들의 마음을 사로잡은 ‘쎄시봉’의 뮤즈 민자영에게 첫눈에 반해 그녀를 위해 노래를 부르기로 결심하는데.... 그 시절, 젊음의 거리 무교동을 주름잡던 음악감상실 ‘쎄시봉’` 모두의 마음을 사로잡은 단 한명의 뮤즈 그리고 잊지 못할 가슴 시린 첫사랑의 기억...",김윤석,정우,김희애,한효주,
20136888,강남 1970,Gangnam Blues,액션,한국,20150121,유하,http://cfile19.uf.daum.net/C110x160/2753B04F54B2AF9F22DA33,"1970년, 강남땅을 향한 위험한 욕망이 춤추기 시작한다! 호적도 제대로 없는 고아로, 넝마주이 생활을 하며 친형제처럼 살던 종대(이민호)와 용기(김래원). 유일한 안식처였던 무허가촌의 작은 판자집마저 빼앗기게 된 두 사람은 건달들이 개입된 전당대회 훼방 작전에 얽히게 되고 그 곳에서 서로를 잃어버린다. “땅 종대, 돈 용기! 끝까지 한번 가 보자!” 3년 후, 자신을 가족으로 받아 준 조직 두목 출신 길수(정진영)의 바람과 달리, 잘 살고 싶다는 꿈 하나로 건달 생활을 하게 되는 종대. 정보와 권력의 수뇌부에 닿아있는 복부인 민마담(김지수)과 함께 강남 개발의 이권다툼에 뛰어든 종대는 명동파의 중간보스가 된 용기와 재회하고, 두 사람은 정치권까지 개입된 의리와 음모, 배신의 전쟁터. 그 한 가운데에 놓이게 되는데…",이민호,김래원,정진영,설현,
20137048,국제시장,Ode to My Father,드라마,한국,20141217,윤제균,http://cfile76.uf.daum.net/C110x160/2502AF49546B09E61FB5F1,"1950년 한국전쟁을 지나 부산으로 피란 온 ‘덕수’(황정민 분)의 다섯 식구, 전쟁 통에 헤어진 아버지를 대신해야 했던 ‘덕수’는 고모가 운영하는 부산 국제시장의 수입 잡화점 ‘꽃분이네’서 일하며 가족의 생계를 꾸려 나간다. 모두가 어려웠던 그때 그 시절, 남동생의 대학교 입학 등록금을 벌기 위해 이역만리 독일에 광부로 떠난 ‘덕수’는 그곳에서 첫사랑이자 평생의 동반자 ‘영자’(김윤진 분)를 만난다. 그는 가족의 삶의 터전이 되어버린 ‘꽃분이네’ 가게를 지키기 위해 ‘선장’이 되고 싶었던 오랜 꿈을 접고 다시 한번 전쟁이 한창이던 베트남으로 건너가 기술 근로자로 일하게 되는데… 가족을 위해 굳세게 살아온 그때 그 시절, 가장 평범한 아버지의 가장 위대한 이야기가 시작된다!",황정민,김윤진,오달수,정진영,
20149570,조선명탐정 : 사라진 놉의 딸,Detective K: Secret of the Lost Island,사극,한국,20150211,김석윤,http://cfile118.uf.daum.net/C110x160/265E384954AE4C3003AB6B,"우리가 또 나설 차례인가! 정조 19년. 한때는 왕의 밀명을 받던 특사였으나 무슨 이유인지 왕에게 미운 털이 박혀 외딴 섬에 유배되어 버린 조선 제일의 명탐정 김민. 찾아오는 이라곤 지난 날 함께 했던 파트너 서필과 매일 같이 동생을 찾아달라며 오는 어린 소녀뿐이다. 그러던 중 김민은 조선 전역에 불량은괴가 유통되고 있다는 소식을 접하게 되고, 이로 인해 잠자고 있던 탐정 본능이 꿈틀거리기 시작한다. 결국 유배지 이탈이라는 초강수를 두며 불량은괴 유통사건과 행방불명 된 소녀의 동생을 찾기 위해 본격 수사에 착수하게 된다. 사상 최초로 동시에 두 사건 해결에 나선 조선 명탐정 김민과 서필! 그러나 정체를 알 수 없는 미모의 여인 히사코로 인해 명콤비의 수사는 더욱 혼선을 빚는다. 과연 이들은 의문의 두 사건을 해결하고, 화려한 옛 영광을 되찾을 수 있을까? 조선 제일의 명탐정 콤비, 김민과 서필이 돌아왔다! “위기의 조선. 우리에게 한번 더 맡겨보시지요!”",김명민,오달수,,,
20141962,이미테이션 게임,The Imitation Game,드라마,영국,20150217,모튼 틸덤,http://cfile16.uf.daum.net/C110x160/262C844E54BCA75E34A909,"24시간 마다 바뀌는 해독불가 암호 암호를 풀고 1,400 만 명의 목숨을 구한 천재 수학자 매 순간 3명이 죽는 사상 최악의 위기에 처한 제 2차 세계대전. 절대 해독이 불가능한 암호 ‘에니그마’로 인해 연합군은 속수무책으로 당하게 된다 결국 각 분야의 수재들을 모아 기밀 프로젝트 암호 해독팀을 가동한다. 천재 수학자 앨런 튜링(베네딕트 컴버배치)은 암호 해독을 위한 특별한 기계를 발명하지만 24시간 마다 바뀌는 완벽한 암호 체계 때문에 번번히 좌절하고 마는데... 과연, 앨런 튜링과 암호 해독팀은 암호를 풀고 전쟁의 승리를 끌어낼 수 있을까…?",베네딕트 컴버배치,키이라 나이틀리,매튜 구드,마크 스트롱,
20144322,도라에몽 : 스탠 바이 미,Stand by Me Doraemon,애니메이션,일본,20150212,야마자키 다카시,http://t1.daumcdn.net/movie/62d001f1302cb8bcfa555d30beb3cc2ba6887cc9,"5주 연속 일본 박스오피스 1위! 600만 관객 동원 흥행 신기록에 빛나는 도라에몽이 한국에 상륙했다! 공부도 꽝, 운동도 꽝, 무얼해도 덜렁대고 소심한 소년 진구. 그런 진구에게 행복한 꿈과 미래를 선물하는 임무를 받고 22세기에서 날아온 최고의 친구, 도라에몽! 대나무 헬리콥터, 어디로든 문, 투명망토, 암기빵, 그리고 타임머신까지! 도라에몽은 온갖 미래의 비밀도구로 오직 진구만을 위한 노력에 나선다. 마지못해 임무를 부여 받고 미래에서 끌려온 도라에몽은 누구보다 착한 마음씨를 지닌 진구와 점차 특별한 우정을 나누게 되지만, 언제까지나 함께할 것 같던 두 단짝에게도 이별의 순간이 찾아오는데.. 과연 도라에몽은 진구의 꿈과 행복을 이뤄줄 수 있을까? 우리가 몰랐던 도라에몽의 처음, 그리고 마지막 이야기가 펼쳐진다!",문남숙,김정아,미즈타 와사비,오오하라 메구미,
20155761,명탐정 코난 : 코난 실종사건 - 사상 최악의 이틀,Detective Conan : MISSING CONAN EDOGAWA CASE - HIS HISTORY'S WORST TWO DAYS,애니메이션,일본,20150212,야마모토 야스이치로,http://cfile118.uf.daum.net/C110x160/227F764E54BC4F0202E9F6,"사라진 기억! 치밀한 함정! 
사상 최악의 위기에 빠진 코난을 찾아라!

목욕탕에 온 코난은 발이 미끄러져 그대로 기절해 버린다. 쓰러진 코난을 병원에 데려가려고 차에 실은 수상한 두 남자는 어둠의 세계에서 유명한 ‘애드립의 달인 정용해’와 ‘전설의 킬러 이건도’. 목욕탕 탈의실에서 자신들의 정체가 발각되었다고 생각한 나머지 코난을 납치한 것이다. 얼마 후 의식을 찾은 코난은 머리를 심하게 부딪힌 충격으로 기억을 잃어버린 채 의문의 거대한 폭탄테러 음모에 휘말리게 되는데…

표적을 알 수 없는 의문의 폭탄테러! 
마지막까지 방심할 수 없는 사건의 결말은!? ",김선혜,강수진,이현진,이정구,
20147790,캡틴 아메리카: 윈터 솔져,Captain America: The Winter Soldier,액션,미국,20140326,조 루소,http://cfile77.uf.daum.net/C110x160/27669247532A9EDB1B4B85,"쉴드가 뚫렸다!
어벤져스를 향한 최악의 위기! 
아무도 믿지 마라! 

어벤져스의 뉴욕 사건 이후 닉 퓨리, 블랙 위도우와 함께 
쉴드의 멤버로 현대 생활에 적응해 살아가는 캡틴 아메리카. 
어느 날, 죽은 줄 알았던 친구 버키가 적 윈터 솔져가 되어 돌아오고
어벤져스를 향한 최악의 위기가 시작된다. 


쉴드(S.H.I.E.L.D)란? 
: Strategic Homeland Intervention, Enforcement and Logistics Division의 약자

설립자 하워드 스타크
설립시기 정확한 시기는 알려지지 않았으나 2차 세계대전 직후로 추정
본부 트리스켈리온, 워싱턴 D.C
_____인공위성과 연결된 일종의 함선 헬리케리어로 전세계간 이동가능
목적 세상의 두려움을 진정시키고 지구의 안보를 강화하는 것

리더 닉 퓨리, 알렉산더 피어스
소속요원 스티브 로저스(캡틴 아메리카), 
_____나타샤 로마노프(블랙 위도우), 
_____클린트 바튼(호크 아이), 필 콜슨, 마리아 힐, 
_____페기 카터, 샤론 카터 등",크리스 에반스,스칼렛 요한슨,세바스찬 스탠,,
20147930,나의 사랑 나의 신부,"My Love, My Bride",멜로/로맨스,한국,20141008,임찬상,http://cfile79.uf.daum.net/C110x160/271C5A4D541620B70B0674,"해도 후회, 안 해도 후회? 정말 결혼하면 다 이래?! 4년의 연애 끝에 결혼에 골인한 대한민국 보통 커플, 영민(조정석)과 미영(신민아). 마냥 행복할 줄만 알았던 달콤한 신혼생활도 잠시. 사소한 오해와 마찰들이 생기며 ‘결혼의 꿈’은 하나 둘씩 깨지기 시작하는데…. 이 결혼, 과연 잘 한 걸까? 도대체 말이 안 통하는 철부지 남편 ‘영민’, 사사건건 잔소리만 늘어가는 아내 ‘미영’. 정말 사랑해서 결혼했는데 왜 이렇게 힘든 걸까? 상상하고 꿈꿔 온 결혼, 그 이상의 ‘속’ 깊은 이야기가 펼쳐진다!",신민아,서강준,라미란,윤정희,
20147953,론 서바이버,Lone Survivor,액션,미국,20140402,피터 버그,http://cfile79.uf.daum.net/C110x160/275F5947533BB74A255541,"죽일 것인가, 살릴 것인가! 한 순간의 선택이 가져온 외롭고도 처절한 사투! 2005년 6월 28일, 아프가니스탄에서 복무 중인 네이비씰 대원 마커스, 마이클, 대니, 매튜는 미군을 사살한 탈레반 부사령관 ‘샤’를 체포하기 위한 ‘레드윙 작전’에 투입된다. 적진이 잘 보이는 곳에 자리를 잡고 본격적인 임무 수행을 위해 잠복해 있던 중, 산으로 올라온 양치기 소년 일행에게 정체가 발각된다. 완벽한 작전 수행을 위해 이들을 죽일 것인가, 교전 수칙에 의해 살릴 것인가! 윤리와 의무 사이, 선택의 기로에 놓인 대원들은 오랜 논쟁 끝에 이들을 살려주기로 한다. 그러나 이 선택은 그들에게 엄청난 결과를 가져오게 되는데… 이들의 작전을 알게 된 탈레반은 빠르고 집요하게 4명의 네이비씰 대원들을 추격해오고, 본부와 통신이 두절된 네이비씰 대원들은 수적 열세인 상황에서 격전을 벌이게 되는데… 이들은 모두 함께 살아서 돌아올 수 있을까?",마크 월버그,테일러 키취,벤 포스터,에밀 허쉬,
20148493,어벤져스: 에이지 오브 울트론,The Avengers: Age of Ultron,액션,미국,,조스 웨던,http://cfile77.uf.daum.net/C110x160/275504395448AAD723270D,"2012년에 개봉한 영화 <어벤져스>의 속편으로 아이언맨이 휴면상태였던 평화유지 프로그램을 가동하려고 하지만 위기에 처하게 되고, 아이언맨, 캡틴 아메리카, 토로, 헐크, 블랙위도우, 호크아이 등 어벤져스 멤버들이 울트론과 전투를 벌인다.",로버트 다우니 주니어,크리스 에반스,크리스 헴스워스,스칼렛 요한슨,
20148748,그녀,Her,드라마,미국,20140522,스파이크 존즈,http://cfile79.uf.daum.net/C110x160/273E994B535A12E00958AC,"2014 아카데미 각본상 수상! 2014 골든 글로브 각본상 수상!
올 해 가장 독창적인 로맨스!

‘테오도르’(호아킨 피닉스)는 다른 사람들의 편지를 대신 써주는 대필 작가로, 아내(루니 마라)와 별거 중이다. 타인의 마음을 전해주는 일을 하고 있지만, 정작 자신은 너무 외롭고 공허한 삶을 살고 있다.  그러던 어느 날, 스스로 생각하고 느끼는 인공 지능 운영체제인 ‘사만다’(스칼렛 요한슨)를 만나게 된다. 자신의 말에 귀 기울이고, 이해해주는 ‘사만다’로 인해 조금씩 행복을 되찾기 시작한 ‘테오도르’는 점점 그녀에게 사랑을 느끼게 되는데…",호아킨 피닉스,스칼렛 요한슨,루니 마라,,
20148807,엣지 오브 투모로우,Edge of Tomorrow,액션,미국,20140604,더그 라이만,http://cfile116.uf.daum.net/C110x160/27610849537959372EA657,"가까운 미래, 미믹이라 불리는 외계 종족의 침략으로 인류는 멸망 위기를 맞는다. 빌 케이지 (크루즈)는 자살 작전이나 다름없는 작전에 훈련이나 장비를 제대로 갖추지 못한 상태로 배정되고 전투에 참여하자마자 죽음을 맞는다. 하지만 불가능한 일이 일어난다. 그가 다시 그 끔찍한 날이 시작된 시간에 다시 깨어나 다시 전투에 참여하게 되고 다시 죽었다가 또 다시 살아나는 것. 외계인과의 접촉으로 같은 시간대를 반복해서 겪게 되는 타임 루프에 갇히게 된 것이다.",톰 크루즈,에밀리 블런트,빌 팩스톤,샬롯 라일리,
20148846,사도,The Throne,사극,한국,,이준익,http://cfile18.uf.daum.net/C110x160/230AE54B53A3DF6A344B52,"아버지에 의해 뒤주에 갇혀 8일 만에 죽음을 맞이한 사도세자를 재조명해, 영조와 사도세자 그리고 정조에 이르기까지 조선왕조 3대에 걸친 비극을 그려낸 영화",송강호,,,,
20148851,암살,Assassination,범죄,한국,,최동훈,http://t1.daumcdn.net/movie/8cebca2d1c06acbfb357581b855771ce721be23c,"1930년대 상하이와 경성을 배경으로 친일파 암살작전을 위해 모인 암살자들과 임시정부요원, 그리고 청부살인업자까지, 조국도 이름도 용서도 없는 이들의 끝을 예측할 수 없는 이야기를 그린 영화.",전지현,이정재,하정우,오달수,
20149120,인터스텔라,Interstellar,SF,미국,20141106,크리스토퍼 놀란,http://cfile77.uf.daum.net/C110x160/22158C47542B820F039918,"`우린 답을 찾을 거야, 늘 그랬듯이` 세계 각국의 정부와 경제가 완전히 붕괴된 미래가 다가온다. 지난 20세기에 범한 잘못이 전 세계적인 식량 부족을 불러왔고, NASA도 해체되었다. 이때 시공간에 불가사의한 틈이 열리고, 남은 자들에게는 이 곳을 탐험해 인류를 구해야 하는 임무가 지워진다. 사랑하는 가족들을 뒤로 한 채 인류라는 더 큰 가족을 위해, 그들은 이제 희망을 찾아 우주로 간다. 그리고 우린 답을 찾을 것이다. 늘 그랬듯이…",매튜 매커너히,앤 해서웨이,마이클 케인,제시카 차스테인,
20149247,행오버 게임,The Hungover Games,코미디,미국,,조쉬 스톨버그,http://cfile76.uf.daum.net/C110x160/2353FF4A5326A08C3166C1,"죽도록 마신 네 남자, 이번엔 살기 위해 싸워야 한다?! 2213년. 반란이 있었다. 할리우드는 희생양을 내놓아야 했다. 각 구역마다 대중 문화의 중심인 판테온에게 경쟁자를 내보내 죽을 때까지 대중 경기장에서 싸우도록 했다. 이 유혈극의 이름은 ‘행오버 게임’. 게이인 더그의 결혼식을 이틀 앞두고 그의 절친 삼인방 잭과 에드, 브레들리는 환상의 총각파티를 계획한다. 술과 약에 취한 뜨거운 밤을 보내고 눈을 친구들. 더그는 사라지고, 어젯밤 일은 하나도 기억하지 못한다. 더욱 놀라운 사실은 그들이 술에 취해 ‘행오버 게임’에 신청한 것! 잭과 에드, 브레들리는 할리우드 각 구역에서 온 토르, 19곰 테드, 아바타, 장고: 분노의 추적자, 위기의 주부들, 캐리비안의 해적 등 할리우드 인기 영화의 주인공들과 목숨을 건 대결을 펼쳐야하는데… 결혼식까지 앞으로 48시간! 잭과 에드, 브레들리는 과연 이 죽음의 경기에서 살아 남고, 더그를 찾아내 무사히 집으로 돌아갈 수 있을 것인가?",로스 네이선,벤 베글리,허버트 러셀,존 리빙스턴,
20149260,매직 오브 벨 아일,The Magic of Belle Isle,코미디,미국,20120706,롭 라이너,http://cfile16.uf.daum.net/C110x160/223AD94E5464BEC4022D8E,"한때는 잘나가는 작가 몬테 와일드혼(모건 프리먼). 사랑하는 부인이 죽고, 무기력하게 살아가며 술에 의지해 하루하루를 살아간다. 어느 여름 벨 아일 호수변에 있는 조카의 별장으로 오게되고, 새로운 이웃 중에 세자매를 둔 여인 오닐(버지니아 매드슨)을 알게된다. 오닐과 가까워지면서 몬테는 다시 삶에 대한 희망을 품게 되고, 닫힌 마음을 열게 되는데…",모건 프리먼,버지니아 매드슨,매들린 캐롤,엠마 퍼만,
20149265,기술자들,The Con Artists,범죄,한국,20141224,김홍선,http://cfile18.uf.daum.net/C110x160/2406044A547C2B271E6A8F,"뛰어난 두뇌의 금고털이이자 작전의 설계는 물론 모든 위조에 능한 멀티플레이어 지혁, 절친한 형이자 인력 조달 전문 바람잡이 구인과 함께 어떤 보안 시스템도 순식간에 뚫어버리는 업계 최연소 해커 종배와 손잡고 기막힌 솜씨로 철통 보안을 자랑하는 보석상을 털며 순식간에 업계에 이름을 날린다. 이들을 눈 여겨 본 재계의 검은 손 조사장은 자신이 벌일 큰 판에 지혁 일당을 끌어들인다. 조사장이 설계한 작전은 동북아 최고의 보안 시스템을 자랑하는 인천 세관에 숨겨진 고위층의 검은 돈 1,500억. 주어진 시간은 단 40분. 클래스가 다른 기술자들의 역대급 비즈니스가 지금 시작된다!",김우빈,김영철,고창석,이현우,
20149315,아이스 투모로우,Stonados,SF,캐나다,20140618,제이슨 부케,http://cfile17.uf.daum.net/C110x160/231CC23653957732227DD9,"미국 보스턴이 태풍으로 쑥대밭이 됐다! 인류를 구할 지상 최대의 프로젝트! 평화로운 보스턴에 갑자기 하늘에서 플리머스 바위가 떨어졌다. 그 후 계속 심해지는 태풍과 얼어붙은 돌을 쏟아내는 회오리에 보스턴 시내는 엉망이 되고, 아내를 잃고 하버드 교수직을 그만 두고 고등학교 교사로 일하던 조(폴 조한슨)와 그의 대학 동기였던 기상 캐스터 리(세바스찬 스펜스)에게 일생일대의 기회이자 재난이 다가오는데...",폴 조한슨,세바스찬 스펜스,미란다 프리곤,제시카 맥레오드,
20149317,가디언즈 오브 갤럭시,Guardians of the Galaxy,액션,미국,20140731,제임스 건,http://cfile77.uf.daum.net/C110x160/2626C24D53CF28D6096E95,"자칭 전설의 무법자 스타로드, 그러나 현실은 우주를 떠도는 그저그런 좀도둑에 불과한 피터 퀼(크리스 프랫). 뜻하지 않게 갤럭시의 절대악 타노스와 로난의 타겟이 된 그는 감옥에서 만난 암살자 가모라(조 샐다나), 거구의 파이터 드랙스(데이브 바티스타), 현상금 사냥꾼 로켓(브래들리 쿠퍼)과 그루트(빈 디젤) 콤비와 불편한 동맹을 맺고 일명 ‘가디언즈 오브 갤럭시’를 결성한다. 범상치 않은 화려한 과거를 지닌 이들이 과연 120억 명의 운명을 구할 유일한 희망이 될 수 있을까? 흩어지면 무법자, 뭉치면 히어로 차원이 다른 마블의 새로운 세계를 목격하라!",크리스 프랫,조 샐다나,제임스 건,빈 디젤,
20149372,사보타지,Sabotage,범죄,미국,20140723,데이비드 에이어,http://cfile77.uf.daum.net/C110x160/274E094F53CC127524F964,"오늘 또 한 명의 특수요원이 살해됐다!

마약검거반 특수부대 최정예 팀 브라보!
애틀랜타 거대 마약 조직을 급습하는 위험한 작전 수행 중
거액의 현금이 보관된 금고를 비밀리에 습격하려는 계획을 세우지만
교전 중 팀원 한 명이 사망하고, 빼돌린 천만 달러까지 흔적 없이 사라져 버린다

결국 리더 존 브리쳐(아놀드 슈왈제네거)는 다시 팀원들을 소집하게 되고
팀 브라보의 재결합 축하파티가 열린 그 날 밤
팀원 파이로(맥스 마티니)가 잔인하게 살해 당한다
숨 쉴 틈도 없이 그 이튿날,
또 한 명의 팀원 넥(조쉬 홀로웨이)마저 처참한 주검으로 발견된다

정체 모를 적으로부터 팀원들의 목숨이 위협받는 전대미문의 사건! 
이 사건을 맡은 담당형사 '캐롤라인'은 자신을 적대시 하고 협조하지 않는 
브라보 팀원들로 인해 난항을 겪던 중 
특수요원의 충격적 비밀을 감지하게 되는데...

6인의 최정예 특수요원, 모두가 타겟이자 용의자!
7월, 최강의 범죄 액션 스릴러가 온다!",아놀드 슈왈제네거,샘 워싱턴,,,
20149418,둠스데이 지구 최후의 날,Doomsday Prophecy,SF,미국,20140626,닐 마샬,http://cfile189.uf.daum.net/C110x160/1547F910ADCF19BA1C3044,"지구에는 치명적인 바이러스로 인해 버려진 땅이 있다.전세계의 생존을 위협하는 치명적인 바이러스가 발생했다. 온몸에 상처와 출혈을 일으키고 결국엔 장기까지 녹여버리는 이 살인적인 바이러스는 발견된 지 며칠 만에 지구의 수많은 사람들을 감염시켰다. 정부는 이 곳을 “위험지역”으로 선포함과 동시에 바이러스의 확산을 막고자 이 곳과 연결된 모든 도로와 다리, 철도를 봉쇄하고 통행 금지를 목적으로 아무도 침입할 수 없는 철강의 성벽을 세워 격리지역으로 만들었다. 그렇게 이 곳은 지구상에서 버려진 땅, 사람들 기억 속에서 잊혀진 땅이 되었다.그리고 25년 후…지구 최후의 날이 다가오고 있다!런던에서는 치명적인 바이러스가 다시 발생하고 안전국의 국장 빌 넬슨은 위성을 통해 모두가 죽었을 거라 믿었던 격리지역에 생존자가 살아있음을 알게 된다. 생존자가 살아 있다는 것은 바이러스의 치료제가 있다는 것이라고 믿은 빌 넬슨 국장은 이든 소령과 함께 최강의 멤버들로 구성된 부대를 25년간 봉쇄된 격리지역으로 보낸다. 외부와 완전히 차단된 격리지역에서 여전사 이든과 최강의 멤버들은 바이러스가 인류를 지구 최후의 날로 몰아가기 전에 치료제를 찾을 수 있을까? 과연 이든과 최강의 멤버들은 살아 돌아 올 수 있을까?",로나 미트라,밥 호스킨스,애드리언 레스터,대런 몰피트,
20149629,비긴 어게인,Begin Again,멜로/로맨스,미국,20140813,존 카니,http://cfile117.uf.daum.net/C110x160/266B403553CCC9321A55A8,"다시 시작해, 너를 빛나게 할 노래를! 싱어송라이터인 ‘그레타’(키이라 나이틀리)는 남자친구 ‘데이브’(애덤 리바인)가 메이저 음반회사와 계약을 하게 되면서 뉴욕으로 오게 된다. 그러나 행복도 잠시, 오랜 연인이자 음악적 파트너로서 함께 노래를 만들고 부르는 것이 좋았던 그레타와 달리 스타가 된 데이브의 마음은 어느새 변해버린다. 스타 음반프로듀서였지만 이제는 해고된 ‘댄’(마크 러팔로)은 미치기 일보직전 들른 뮤직바에서 그레타의 자작곡을 듣게 되고 아직 녹슬지 않은 촉을 살려 음반제작을 제안한다. 거리 밴드를 결성한 그들은 뉴욕의 거리를 스튜디오 삼아 진짜로 부르고 싶었던 노래를 만들어가는데…",키이라 나이틀리,마크 러팔로,애덤 리바인,헤일리 스타인펠드,
20149796,"메밀꽃, 운수 좋은 날, 그리고 봄봄",The Road Called Life,애니메이션,한국,20140821,안재훈,http://cfile79.uf.daum.net/C110x160/2717AE4E53D6E56B25F9B3,"20대의 풋풋한 사랑 [봄·봄], 40대의 처참했던 슬픔 [운수 좋은 날] 그리고 60대의 아련한 추억 [메밀꽃 필 무렵]... 슬퍼도 웃어야 했던, 고달파도 살아가야 했던 세 사람의 인생과 마주하다! 김유정의 [봄·봄] 중에서... “성례구 뭐구 미처 자라야지!” 이 자라야 한다는 것은 내가 아니라 장차 내 아내가 될 점순이의 키 말이다. 내가 여기에 와서 돈 한푼 안 받고 일하기를 삼 년 하고 꼬박 일곱 달 동안을 했다. 그런데도 미처 못 자랐다니까 이 키는 언제야 자라는 겐지 짜장 영문 모른다. 난 사람의 키가 무럭무럭 자라는 줄만 알았지 붙배기 키에 모로만 벌어지는 몸도 있는 것을 누가 알았으랴. 이효석의 [메밀꽃 필 무렵] 중에서... “달밤에는 그런 이야기가 격에 맞거든” “달밤이었으나 어떻게 해서 그렇게 됐는지 지금 생각해도 도무지 알 수 없어” 산허리는 온통 메밀밭이어서 피기 시작한 꽃이 소금을 뿌린 듯이 흐뭇한 달빛에 숨이 막힐 지경이다. 붉은 대궁이 향기같이 애잔하고 나귀들의 걸음도 시원하다. 길이 좁은 까닭에 세 사람은 나귀를 타고 외줄로 늘어 섰다. 방울소리가 시원스럽게 딸랑딸랑 메밀밭께로 흘러간다. 현진건의 [운수 좋은 날] 중에서... 산 사람의 눈에서 떨어진 닭똥 같은 눈물이 죽은 이의 뻣뻣한 얼굴을 어룽어룽 적시었다. 문득 김첨지는 미친 듯이 제 얼굴을 죽은 이의 얼굴에 한데 비벼대며 중얼거렸다. ""설렁탕을 사다 놓았는데 왜 먹지를 못하니, 왜 먹지를 못하니…… 괴상하게도 오늘은 운수가 좋더니만……""",기영도,엄상현,장광,,
20149910,보이후드,Boyhood,드라마,미국,20141023,리차드 링클레이터,http://cfile16.uf.daum.net/C110x160/231975505422498E24D5A9,수많은 기억의 조각들로 이뤄낸 단 하나의 특별한 이야기! 소년은 어떻게 어른이 되는 것일까? 여섯 살 ‘메이슨 주니어’(엘라 콜트레인)와 그의 누나 ‘사만다’(로렐라이 링클레이터)는 싱글맘인 ‘올리비아’(패트리시아 아퀘트)와 텍사스에 살고 있다. 아빠인 ‘메이슨 시니어’(에단 호크)는 일주일에 한 번씩 들러 ‘메이슨’과 ‘사만다’를 데리고 캠핑을 가거나 야구장에 데려 가며 친구처럼 놀아 주곤 하지만 함께 살 수는 없다. 게다가 엄마의 일 때문에 친구들과 헤어져 계속해서 낯선 도시로 이사를 다녀야 하는 메이슨은 외로운 나날을 보내며 점차 성장해가는데…….,엘라 콜트레인,에단 호크,패트리샤 아케이트,로렐라이 링클레이터,
20156029,가디언즈,The Guardians,코미디,미국,20021121,피터 램지,http://cfile78.uf.daum.net/C110x160/1749114F507CBB561B73CE,"크리스마스 이브 착한 아이들에게 선물을 가져다 주는 산타클로스 ‘놀스’ 부활절이면 색색깔의 달걀을 곳곳에 숨겨놓는 부활절 토끼 ‘버니’ 밤 사이 빠진 이를 가져가는 대신 동전을 남겨두는 이빨요정 ‘투스’ 그리고 동화 같은 환상적인 꿈을 선사하는 잠의 요정 ‘샌드맨’ 전세계 모든 아이들의 꿈과 희망, 상상력을 지켜주는 이들은 ‘가디언즈’라 불린다. 하지만 두려움을 심어주는 악몽의 신 ‘피치’가 깨어나자 이들은 모든 것을 잃을 최대의 위기를 맞게 된다. 그리고 그에 맞서기 위한 새로운 가디언으로 무엇이든 얼리고 눈을 내리는 능력을 지닌 ‘잭 프로스트’가 선택되고, 놀스, 버니, 투스, 샌드맨, 그리고 잭 프로스트 다섯 명의 가디언즈는 막강한 힘으로 전세계를 지배하려는 ‘피치’에 맞서 최후의 대결에 나서는데…! 꿈의 수호신 ‘가디언즈’ VS 악몽의 신 ‘피치’ 꿈을 둘러싼 거대한 전쟁이 펼쳐진다",이제훈,류승룡,이종혁,한혜진,
20156161,백 투 더 비기닝,Back to the beginning,SF,미국,20150226,딘 이스라엘리트,http://cfile79.uf.daum.net/C110x160/26272B3A54CB054A0CF3E3,"뒤바뀐 어제, 완벽해진 현재 미래를 새로 쓰는 시간여행, 과거를 재구성하라! MIT공대 입학을 꿈꾸는 과학도 데이비드는 돌아가신 아버지의 비디오 카메라를 확인하다가 자신의 7살 생일파티 영상에 찍힌 현재 자신의 모습을 발견한다. 데이비드는 친구들과 아버지의 실험실이었던 지하실에서 시간재조정장치 설계도를 찾아내고 숱한 실험 끝에 기계를 완성한다. 그들은 찌질한 현재를 탈출하기 위해 자신들의 과거를 바꾸기 위한 시간여행을 시작한다. 복권당첨, 왕따 탈출, 시험 다시 보기, 수업시간 중 몰래 나와 락페스티발에 가며 현재는 그들이 원하는 방향대로 더욱 완벽해진다. 그러나 소박했던 시간여행은 횟수를 더해갈수록 점점 더 과감해지고, 자신들의 과거를 재구성하는 동안 세상의 미래 역시 바뀌고 있다는 것을 발견하게 되는데...",조니 웨스턴,소피아 블랙-디엘리아,샘 러너,엘렌 에반젤리스타,
20156184,저지 보이즈,Jersey Boys,뮤지컬,미국,20140620,클린트 이스트우드,http://cfile116.uf.daum.net/C110x160/2253F64E546402512B59A6,"뉴저지의 가난한 노동자에서 최고의 스타가 되기까지! 그 시절 원조 아이돌, 전설의 밴드 ‘포 시즌스’가 온다! 서른이 채 되기 전 1억 7천 5백 만장의 앨범을 판매하며 1960년대를 뒤흔든 전설의 아이돌 ‘포 시즌스’. 뉴저지의 가난한 노동자 집안 출신의 이들 네 명은 최고의 인기로 상승 가도를 달리는 화려한 모습 뒤로 유명세의 빛과 어둠을 체감한다. 어느 순간부터 서로의 관계가 조금씩 삐걱거리고 멤버의 부채로 밴드가 와해될 위기까지 처한다. 최고의 위치에서 돈과 명예, 행복과 좌절 사이를 오가는 인생의 전환점을 맞이하게 되는데…",존 로이드 영,빈센트 피아자,스티브 셔리파,크리스토퍼 월켄,
20147669,엑스맨: 데이즈 오브 퓨처 패스트,X-Men: Days of Future Past,액션,미국,20140522,브라이언 싱어,http://cfile18.uf.daum.net/C110x160/222DBF47537078D132C31D,"엑스맨 Vs. 센티넬
거대한 전쟁이 시작된다!

천재 과학자 ‘트라스크’가 발명한 로봇 ‘센티넬’로 인해 사상 최악의 위기에 직면한 미래. 
오랜 시간 적으로 맞섰던 ‘프로페서 X’와 ‘매그니토’는 돌연변이는 물론 인류를 위협하는 ‘센티넬’과의 전쟁을 막기 위해 ‘울버린’을 과거로 보낸다. 
과거로 돌아간 ‘울버린’은 뿔뿔이 흩어졌던 엑스맨들을 모두 불러모아 인류의 미래를 구원할 거대한 전쟁을 시작하게 되는데…",휴 잭맨,마이클 패스벤더,제임스 맥어보이,제니퍼 로렌스,
20144801,버드맨,Birdman or The Unexpected Virtue of Ignorance,코미디,미국,20150305,알레한드로 곤잘레츠 이냐리투,http://cfile17.uf.daum.net/C110x160/216A404C54BDF5DD3348A2,"화려한 스포트라이트에 가려진 슈퍼히어로의 진짜 모습!
그 동안 당신이 궁금해했던 할리우드와 브로드웨이 무대 이면이 낱낱이 공개된다!

슈퍼히어로 '버드맨'으로 할리우드 톱 스타에 올랐지만 지금은 잊혀진 배우 리건 톰슨(마이클 키튼). 그는 꿈과 명성을 되찾기 위해, 브로드웨이 무대에 도전한다. 대중과 멀어지고, 작품으로 인정받은 적 없는 배우에게 현실은 그의 이상과 거리가 멀다…
재기에 대한 강박과 심각한 자금 압박 속에, 평단이 사랑하는 주연배우(에드워드 노튼)의 통제불가 행동들, 무명배우의 불안감(나오미 왓츠), SNS 계정하나 없는 아빠의 도전에 냉소적인 매니저 딸(엠마 스톤), 연극계를 좌지우지 하는 평론가의 악평 예고까지.. 과연 ‘버드맨’ 리건은 다시 날아오를 수 있을 것인가…",마이클 키튼,에드워드 노튼,나오미 왓츠,,
20144881,서유기 : 모험의 시작,Journey to the West: Conquering the Demons,코미디,중국,20150205,주성치,http://cfile18.uf.daum.net/C110x160/251A3D4F54C0A84A238DD8,"삼장법사의 탄생과 대 모험의 서막이 시작된다!

심마에 사로잡혀 사람을 잡아먹는 요괴로 인해 어지러운 세상. 구마대전의 후예로 선택된 진현장(문장)은 동요 300수를 가지고 요괴를 구제하기 위해 길을 나선다. 진, 선, 미를 통해 요괴의 마음에서 심마를 몰아내야 한다는 가르침에 따라 퇴마를 시도하지만 번번이 실패하고야 마는 진현장. 어느 날, 물고기 요괴를 퇴치하기 위해 찾은 시골마을에서 퇴마사 단소저(서기)를 만나 도움을 받게 되고, 그녀와 함께 요괴를 퇴치하는 과정에서 본인의 수행이 부족했음을 깨닫게 된다. 요괴 중 왕중지왕으로 불리는 손오공(황보)을 찾아가라는 스승의 명령에 따라 진현장은 동요 300수를 손에든 채 모험을 떠나게 되는데…",서기,황보욱,문장,,
20145041,더 이퀄라이저,The Equalizer,액션,미국,20150128,안톤 후쿠아,http://cfile79.uf.daum.net/C110x160/233EFA4954BF031C2F429F,"세상을 바로잡는 심판자, ‘이퀄라이저’ “법이 지켜주지 않는다면, 내가 한다!” 새벽 2시만 되면 어김없이 잠에서 깨는 로버트 맥콜(덴젤 워싱턴). 불면증으로 잠 못 드는 이 시간이면 그는 늘 책 한 권을 들고 카페로 향한다. 가족도 친구도 없는 그는 아내가 남기고 간 ‘죽기 전에 읽어야 할 소설 100권’을 모두 읽는 것이 유일한 삶의 목표다. 그런 그에게 어느 날, 어린 콜걸 테리(클로이 모레츠)가 말을 건넨다. “무슨 책이에요?” “…기사의 이야기지. 기사가 존재하지 않는 세상에 사는.” “내가 사는 세상과 똑같네요...” 무료하게 전화를 기다리다 벨이 울리면 대기하고 있던 리무진에 오르는 테리와 매일 같은 공간에서 같은 시간을 공유하던 로버트는 묘한 동질감을 느끼며 가까워진다. 그러던 어느 날, 테리가 포주인 러시아 마피아에게 무자비하게 폭행을 당한 채로 발견되자 세상을 향한 분노가 폭발하고만 로버트는 마침내, 강자에겐 약하고 약자에겐 한없이 강한 이 세상을 향해 스스로 심판자가 되기로 결심하는데... 악한 세상을 향한 정의로운 폭력이 시작된다!",덴젤 워싱턴,클로이 그레이스 모레츠,마튼 초카스,데이빗 하버,
20145103,나이트 크롤러,Nightcrawler,범죄,미국,20150226,댄 길로이,http://cfile77.uf.daum.net/C110x160/252CBD5054D16F121D0C4E,"특종을 위한 완벽한 조작! 지금, 당신이 보고 있는 뉴스는 진실인가? 루이스 (제이크 질렌할)는 우연히 목격한 교통사고 현장에서, 특종이 될 만한 사건 현장을 카메라에 담아 TV 매체에 고가에 팔아 넘기는 일명 ‘나이트 크롤러’를 보게 된다. 경찰이 도착하기 전에 빠르게 나타나 현장을 스케치하고 전화를 통해 가격을 흥정하는 그들에게서 묘한 돈 냄새를 맡은 루이스는 즉시 캠코더와 경찰 무전기를 구입하고 사건현장에 뛰어든다. 유혈이 난무하는 끔찍한 사고 현장을 적나라하게 촬영해 첫 거래에 성공한 루이스는 남다른 감각으로 지역채널의 보도국장 니나(르네 루소)의 적극적인 지지를 받게 된다. 매번 더욱 더 자극적이고 충격적인 뉴스를 원하는 니나와 그 이상을 충족 시켜주는 루이스는 최상의 시청률을 만들어내며 승승장구한다. 자신의 촬영에 도취된 루이스는 결국 완벽한 특종을 위해 사건을 조작하기에 이르는데… 2월, 숨막히는 특종 추적 스릴러가 온다!",제이크 질렌할,르네 루소,빌 팩스톤,앤 쿠잭,
20145141,위플래쉬,Whiplash,드라마,미국,20150312,데미언 차젤,http://cfile116.uf.daum.net/C110x160/241AF54854CEBEA61BCE15,"“세상에서 가장 쓸 데 없는 말이 ‘그만하면 잘했어’야” 미친 학생 vs. 폭군 선생, 천재를 갈망하는 광기가 폭발한다! 최고의 드러머가 되기 위해서라면 무엇이든 할 각오가 되어있는 음악대학 신입생 앤드류는 우연한 기회로 누구든지 성공으로 이끄는 최고의 실력자이지만, 또한 동시에 최악의 폭군인 플렛처 교수에게 발탁되어 그의 밴드에 들어가게 된다. 폭언과 학대 속에 좌절과 성취를 동시에 안겨주는 플렛처의 지독한 교육방식은 천재가 되길 갈망하는 앤드류의 집착을 끌어내며 그를 점점 광기로 몰아넣는데… ABOUT ‘Whiplash’‘위플래쉬’란? 영화 속에서 밴드가 연주하는 재즈 곡의 제목이다. 중간 부분 드럼 파트의 ‘더블 타임 스윙’ 주법으로 완성된 질주하는 독주 부분이 일품으로 꼽힌다. 단어의 원 뜻은 ‘채찍질’을 뜻한다.",마일스 텔러,J.K. 시몬스,폴 라이저,멜리사 비노이스트,
20147315,페인 앤 게인,Pain & Gain,액션,미국,,마이클 베이,http://cfile19.uf.daum.net/C110x160/2315514652B890CE2354F6,"몸짱 트레이너 삼인방의 무모한 도전! 그들의 아메리칸 드림은 너무나 컸다! 마이애미에서 헬스 트레이너로 일하는 다니엘(마크 월버그). 부자가 되는 법을 궁리하던 그는 동료 트레이너 폴(드웨인 존슨)과 아드리안(안소니 마키)을 끌어들여 범죄 계획을 세운다. 바로 헬스클럽의 고객인 빅터(토니 살호브)를 납치해 그의 재산을 가로 채려는 것. 다니엘 일당은 여러 가지 계획을 세우고 이를 실행에 옮겨 그의 재산을 훔치는데 성공하지만, 빅터에게 자신들의 정체를 노출시키고 만다. 빅터를 살해하려던 다니엘 일당은 계획에 실패하고, 빅터는 경찰이 자신의 말을 믿어주지 않자 사립탐정 에드(에드 해리스)를 고용한다. 다니엘과 폴, 아드리안은 돈이 또다른 범죄를 모의하고 에드는 그들의 흔적을 쫓는데…",마크 월버그,드웨인 존슨,에드 해리스,르벨 윌슨,
20147613,그레이의 50가지 그림자,Fifty Shades of Grey,드라마,미국,20150226,샘 테일러-존슨,http://cfile79.uf.daum.net/C110x160/2140934E54B46BF5235470,"“그레이씨가 이제 만나시겠답니다.” 순수한 사회 초년생인 여대생 ‘아나스타샤’는 어느 날, 아픈 친구를 대신해 모든 것을 다 가진 매력적인 CEO ‘크리스찬 그레이’의 인터뷰를 맡게 된다. 단숨에 사람을 매료시키는 ‘크리스찬 그레이’의 마력에 ‘아나스타샤’는 순식간에 빠져들고, 그 역시 순수한 아나스타샤를 점점 더 알고 싶어지게 된다. 내 취향은 아주 분명해. 한편, 원하는 것을 모두 들어줄 만큼 완벽한 ‘그레이’의 숨겨진 비밀을 알게 된 ‘아나스타샤’는 거부할 수 없는 본능에 눈을 뜨게 되는데…",제이미 도넌,다코타 존슨,제니퍼 엘,일로이즈 멈포드,
20124070,강철대오:구국의 철가방,Almost Che,코미디,한국,20121025,육상효,http://cfile79.uf.daum.net/C110x160/1455A14D50600DD92E7018,"잘 생긴 놈만 연애하는 더러운 세상!
평미남(평균 미만의 남자) 중국집 배달부 강대오는 연애 한 번 못해본 모태 솔로다. 짜장면을 배달하며 첫 눈에 반한 여대생 예린을 짝사랑하고 있지만 그녀의 넘사벽 스펙에 가로막혀 고백 한 번 못하고 속만 태우고 있다. 

전… 생일 파티 왔는데요?
어느 날, 예린의 생일 파티가 있다는 첩보를 주워들은 대오는 용기를 내어 생일 파티 장소로 달려간다. 그러나 막상 도착해 보니 그 곳은 소위 잘 나가는 대학생들은 다 모여 있다는 민주화 운동의 현장! 

혁명하면 널 가질 수 있을 거라 생각했어! 
학생들의 사이에 끼어 이러지도 저러지도 못하던 대오는 이왕 내친 김에 예린의 이상형인 학생운동권의 전설적 혁명 투사를 사칭하며 예린의 마음을 사로 잡기로 결심하는데... 

평미남 강대오, 과연 이 땅의 연애 민주화를 쟁취할 수 있을까?",김인권,,,,
20124400,간첩,The Spies,드라마,한국,20120920,우민호,http://cfile18.uf.daum.net/C110x160/1852A54D5056D9FF07FE56,"“남한 내에 고장간첩 5만 명이 암약하고 있으며 특히 권력 핵심부에도 침투해있다. 우연히 김정일의 집무실 책상 위에 놓인 서류를 보았더니 여권 핵심기관의 회의 내용과 참석자들의 발언내용 등이 상세히 기록돼 있었다” - 1997년 4월 황장엽 전 노동당비서 망명 당시 서신 대한민국 간첩 인구 5만 명... 2012년, 그들은 어떻게 살고 있을까? 불법 비아그라를 판매하며 전세금 인상에 시달리는 평범한 가장, 알고 보니 남파 22년차 간첩 리더 암호명 '김과장' 살림하랴, 일하랴 하루가 바쁜 억척스러운 동네 부동산 아줌마, 알고 보니 로케이션 전문 여간첩 암호명 '강대리' 공무원으로 명퇴 후 탑골 공원에서 시간 때우는 독거노인, 알고 보니 신분세탁 전문 간첩 암호명 '윤고문' 소 키우며 FTA반대에 앞장서는 귀농 청년, 알고 보니 해킹 전문 간첩 암호명 '우대리' 간첩신고보다 남한의 물가상승이 더 무서운 생활형 간첩들 앞에 피도 눈물도 없는 북한 최고의 암살자 '최부장'이 나타났다! 그리고 그들에게 떨어진 10년만의 암.살.지.령!! 과연 이들은 작전에 성공할 수 있을까? 먹고 살기도 바쁜 생활형 간첩들의 사상(?) 초월 이중작전이 시작된다!",김명민,유해진,염정아,변희봉,
20124032,간기남,The Scent,코미디,한국,20120411,김형준,http://cfile117.uf.daum.net/C110x160/174BBD4E4F5FFF41100762,"바람 잡으러 갔다가 살인 용의자가 되어 왔다?! 간통 전문 강형사, 인생 최대의 위기! 정직 중에도 간통 사건에 일가견이 있는 장기를 살려 부업으로 흥신소를 운영하고 있는 ‘간통 전문 형사‘ 선우’(박희순) 앞에 복직을 3일 앞두고 한 통의 사건이 접수된다. 가벼운 마음으로 불륜 현장을 덮치기 위해 출동한 그를 기다리고 있는 것은 두 구의 시체! 사건의 유일한 목격자는 죽은 남자의 아내 ‘수진(박시연)’뿐! ‘선우’는 순식간에 살인 사건의 유력한 용의자로 몰릴 절체절명의 위기에 처하게 된다. ‘선우’는 진범을 찾아 자신의 누명을 벗기 위해 발버둥치지만 상황은 점점 악화되고 만다. 엎친 데 덮친 격으로 아름다운 외모와 도발적 매력을 지닌 ‘수진’과 위험한 관계로 빠져들며 사건의 진실은 점점 미궁 속으로 치닫는데… 바람 잡으러 갔다가 살인 용의자가 되어버린 간통 전문 형사 ‘선우’의 아찔한(?) 결백증명 프로젝트는 과연 성공할 수 있을까?",박희순,박시연,주상욱,김정태,
